{"cameraMode":{"drawMode":0,"name":"Shaded","section":"Shading Mode"},"sceneLighting":false,"audioPlay":false,"sceneViewState":{"showFog":true,"showMaterialUpdate":false,"showSkybox":false,"showFlares":true,"showImageEffects":true,"showParticleSystems":true},"in2DMode":false,"pivot":{"x":-18.235126495361329,"y":1.5572015047073365,"z":6.0385942459106449},"rotation":{"x":0.5340524315834045,"y":0.14974552392959596,"z":-0.09664908051490784,"w":0.826578676700592},"size":6.569422721862793,"orthographic":false}