{"cameraMode":{"drawMode":0,"name":"Shaded","section":"Shading Mode"},"sceneLighting":false,"audioPlay":false,"sceneViewState":{"showFog":true,"showMaterialUpdate":false,"showSkybox":false,"showFlares":true,"showImageEffects":true,"showParticleSystems":true},"in2DMode":false,"pivot":{"x":2.211000919342041,"y":1.7145123481750489,"z":4.971592903137207},"rotation":{"x":0.048780396580696109,"y":0.06107347458600998,"z":0.002970257541164756,"w":-0.9969673752784729},"size":2.228687047958374,"orthographic":false}