{"cameraMode":{"drawMode":0,"name":"Shaded","section":"Shading Mode"},"sceneLighting":false,"audioPlay":false,"sceneViewState":{"showFog":true,"showMaterialUpdate":false,"showSkybox":false,"showFlares":true,"showImageEffects":true,"showParticleSystems":true},"in2DMode":false,"pivot":{"x":11.414789199829102,"y":-26.314390182495118,"z":-22.465438842773439},"rotation":{"x":-0.09888411313295365,"y":-0.8897229433059692,"z":0.38148170709609988,"w":-0.23104321956634522},"size":23.846885681152345,"orthographic":false}